region,avg_income,avg_expenditure,savings,savings_rate
Riyadh,14990,13000,1990,13.28
Makkah,10141,9146,995,9.81
Madinah,9723,9317,406,4.18
Qassim,10081,9983,98,0.97
Eastern Province,11775,11509,266,2.26
Asir,11264,9701,1563,13.88
Tabuk,11127,9722,1405,12.63
Hail,9269,8600,669,7.22
Northern Border,12868,11310,1558,12.11
Jazan,10763,13353,-2590,-24.06
Najran,7969,8159,-190,-2.38
AL - Baha,11348,11346,2,0.02
AL - Jouf,10686,9872,814,7.62
